[{"lockdown_number":1,"lockdown_week":1,"calendar_week":13,"start_date":"2020-03-23","end_date":"2020-03-29","notes":null},{"lockdown_number":1,"lockdown_week":2,"calendar_week":14,"start_date":"2020-03-30","end_date":"2020-04-05","notes":null},{"lockdown_number":1,"lockdown_week":3,"calendar_week":15,"start_date":"2020-04-06","end_date":"2020-04-12","notes":null},{"lockdown_number":1,"lockdown_week":4,"calendar_week":16,"start_date":"2020-04-13","end_date":"2020-04-19","notes":null},{"lockdown_number":1,"lockdown_week":5,"calendar_week":17,"start_date":"2020-04-20","end_date":"2020-04-26","notes":null},{"lockdown_number":1,"lockdown_week":6,"calendar_week":18,"start_date":"2020-04-27","end_date":"2020-05-03","notes":null},{"lockdown_number":1,"lockdown_week":7,"calendar_week":19,"start_date":"2020-05-04","end_date":"2020-05-10","notes":"SMS lifting"},{"lockdown_number":1,"lockdown_week":8,"calendar_week":20,"start_date":"2020-05-11","end_date":"2020-05-17","notes":"Retail \/ Schools opening"},{"lockdown_number":1,"lockdown_week":9,"calendar_week":21,"start_date":"2020-05-18","end_date":"2020-05-24","notes":"Church \/ Transportation opening"},{"lockdown_number":1,"lockdown_week":10,"calendar_week":22,"start_date":"2020-05-25","end_date":"2020-05-31","notes":"Dinning opening"},{"lockdown_number":2,"lockdown_week":1,"calendar_week":45,"start_date":"2020-11-07","end_date":"2020-11-08","notes":"First weekend of 2nd lockdown"},{"lockdown_number":2,"lockdown_week":2,"calendar_week":46,"start_date":"2020-11-09","end_date":"2020-11-15","notes":null},{"lockdown_number":2,"lockdown_week":3,"calendar_week":47,"start_date":"2020-11-16","end_date":"2020-11-22","notes":null},{"lockdown_number":2,"lockdown_week":4,"calendar_week":48,"start_date":"2020-11-23","end_date":"2020-11-29","notes":null},{"lockdown_number":2,"lockdown_week":5,"calendar_week":49,"start_date":"2020-11-30","end_date":"2020-12-06","notes":null},{"lockdown_number":2,"lockdown_week":6,"calendar_week":50,"start_date":"2020-12-07","end_date":"2020-12-13","notes":"Mini-open for holidays"},{"lockdown_number":2,"lockdown_week":7,"calendar_week":51,"start_date":"2020-12-14","end_date":"2020-12-20","notes":null},{"lockdown_number":2,"lockdown_week":8,"calendar_week":52,"start_date":"2020-12-21","end_date":"2020-12-27","notes":null},{"lockdown_number":2,"lockdown_week":9,"calendar_week":53,"start_date":"2020-12-28","end_date":"2021-01-03","notes":"Going back to full lockdown from 03\/01\/2020"},{"lockdown_number":2,"lockdown_week":10,"calendar_week":1,"start_date":"2021-01-04","end_date":"2021-01-10","notes":null},{"lockdown_number":2,"lockdown_week":11,"calendar_week":2,"start_date":"2021-01-11","end_date":"2021-01-17","notes":null},{"lockdown_number":2,"lockdown_week":12,"calendar_week":3,"start_date":"2021-01-18","end_date":"2021-01-24","notes":null},{"lockdown_number":2,"lockdown_week":13,"calendar_week":4,"start_date":"2021-01-25","end_date":"2021-01-31","notes":null},{"lockdown_number":2,"lockdown_week":14,"calendar_week":5,"start_date":"2021-02-01","end_date":"2021-02-07","notes":null},{"lockdown_number":2,"lockdown_week":15,"calendar_week":6,"start_date":"2021-02-08","end_date":"2021-02-14","notes":null},{"lockdown_number":2,"lockdown_week":16,"calendar_week":7,"start_date":"2021-02-15","end_date":"2021-02-21","notes":null},{"lockdown_number":2,"lockdown_week":17,"calendar_week":8,"start_date":"2021-02-22","end_date":"2021-01-28","notes":null},{"lockdown_number":2,"lockdown_week":18,"calendar_week":9,"start_date":"2021-03-01","end_date":"2021-03-07","notes":null}]